f58435d7d7dcd4d4448a8e3967c46518ad29a7d0,ljp678,5 weeks ago,Merge branch 'LiuJiaPeng' of https://github.com/LucasFrancis23213/DatabaseCourseDesign
bf6fbd48821ac464949cd2b2e7d75c3ee34c8cef,ljp678,5 weeks ago,最新代码
27d699c511121009eae3d06fd1eb4ddd904a6813,ljp678,5 weeks ago,Delete UpgradeLog.htm
1b4fda33ec4f1b95ee19fa47fb2c3e3829c15e42,ljp678,5 weeks ago,Delete README.md
9fbbe1ce8cd25be9261ca4a94d337a852fb9599f,ljp678,5 weeks ago,Delete DatabaseDesign.drawio
f3ecc6491f5c0ab8a37bf8f152e4f4db44182fbe,ljp678,5 weeks ago,Delete DatabaseCourseDesign.sln
9ce4915b59a1ccf4316e9ee88a97a7787352f975,ljp678,5 weeks ago,Delete .gitignore
b2185dbb1126391e55ba58e77dd875fc09371daf,ljp678,5 weeks ago,Delete front-end directory
212c16fdf4023d93f7466fddace211cc2fc0a211,ljp678,5 weeks ago,Delete Templates directory
84566070e91e2ed2ed8f4d4c42d3d72b9f80b9fc,ljp678,5 weeks ago,Delete Resource directory
c6fbede48aa109bd4f8acc49dd729572b1b08121,ljp678,5 weeks ago,Delete Backup directory
e519d889d941499a751205c5fdaadee35547fd25,ljp678,6 weeks ago,个人姓名
eb7216891e04ee3a80ac4581844bcfc31a878727,ljp678,7 weeks ago,修改个人简介
686031e133ae6918d5a7c551761ef3df049c13c3,ljp678,7 weeks ago,修改个性签名
a1648205efa851286af1997a86928ee0265ee3c9,ljp678,7 weeks ago,修改个性签名
e5902b3fc85a4da2fd904fc750b4c1eb9f40833c,ljp678,7 weeks ago,继续写个人中心
252c1fed2fe2803943efc9b9a37e343b2ca2361a,ljp678,7 weeks ago,提交成功后刷新页面 3.在个人中心中加入我的寻物启事、我找到的无主物品，加入删除某行功能
968014bc822cfad90fe60e51ca9df1195b714601,ljp678,7 weeks ago,Merge branch 'LiuJiaPeng' of https://github.com/LucasFrancis23213/DatabaseCourseDesign
e5538e3475bd15923869139b8fbbed884780b467,ljp678,7 weeks ago,Delete README.md
f56e6d0596449201999bb3d8b514b9042bbc752b,ljp678,7 weeks ago,Delete DatabaseDesign.drawio
9bce7f8398361d58e31b82e4c900ba406b3fd9d3,ljp678,7 weeks ago,Delete DatabaseCourseDesign.sln
f08f5a1eb45c5ea31df96b6f8db16d59c7d4d46d,ljp678,7 weeks ago,Delete .gitignore
b4c402030d44705890a4bcb044ec3b188674a34b,ljp678,7 weeks ago,Delete Templates directory
0d6de0f7c5ad3a08d18d0ac2a92fb494e9a083c0,ljp678,7 weeks ago,Delete Resource directory
b64cb022197b3ff7ee4619fc5abce1a11ee0b3fc,ljp678,7 weeks ago,修改时间戳格式
43b5290997c6e65177dffca7c3972e5b93473e46,ljp678,7 weeks ago,转换ISO8601时间戳格式
b3f078efbbb58759daab154ccdb356e9a73b963b,ljp678,7 weeks ago,Update account.js
07e5003064cd0d8d4c299b24581ae119e8100f04,ljp678,7 weeks ago,Update account.js
1d8339d65b4604ea9ba73cad54d1c54453ae0845,ljp678,7 weeks ago,向后端发送JSON格式数据
381c853c3d96852aae41372d5132fafe91ec3306,ljp678,7 weeks ago,向后端发送JSON格式请求
4f02295f4a35f52f995c7a6fb4914dbd277957cf,ljp678,8 weeks ago,Create 1.txt
c8998b5d88e5ccba50a646eefa44604b38ae9799,ljp678,4 months ago,Delete 刘佳朋5.17日任务/1.txt
25a50f3f46cf11650e26418d92596bf4a2d7459c,ljp678,4 months ago,Add files via upload
de766dffe945d48c10e7afb8a3dbce475f7cbe69,ljp678,4 months ago,Create 1.txt
3f9c6a76e6d7628ea921c02fd52216d6f6f9d625,ljp678,4 months ago,Update README.md
47d1d7a3564ccd7231aaed33368eb7704b9b0dd7,ljp678,4 months ago,Rename ui设计草图/发布界面.png to 刘佳朋5.11日任务/ui设计草图/发布界面.png
a37462ae14680677caad279e83e1f66c7e52ca14,ljp678,4 months ago,Rename ui设计草图/发布无主信息界面.png to 刘佳朋5.11日任务/ui设计草图/发布无主信息界面.png
2ac02e3dd6f42e58dd65a42f4f33b15c4a4a58a5,ljp678,4 months ago,Update and rename 4.21 to 4.21.md
915f988b014c70cdf1317a3502eea02336cde4a6,ljp678,4 months ago,Delete 刘佳朋4.19日任务/1.txt
1ef09e91ab2121c863ab2141fdb16eccd5ba1204,ljp678,4 months ago,Update and rename 5.11 to 5.11.md
a8b39145ddde174e7310837102f42c058f041f2a,ljp678,4 months ago,Rename ui设计草图/发布寻物启事界面.png to 刘佳朋5.11日任务/ui设计草图/发布寻物启事界面.png
9ff5ba4a6a4293fa82086d27d06a7a29f084fd88,ljp678,4 months ago,Rename 数据库课程设计E-R图.mdj to 刘佳朋5.16日任务/数据库课程设计E-R图.mdj
7566e6e7002e7f8edcb98f0f1157e547300eaa6c,ljp678,4 months ago,Update and rename 刘佳朋5.11日任务.md to 刘佳朋5.11日任务/5.11
a0bdf151a1bff394f24e63c9db85f600ec56ab7c,ljp678,4 months ago,Update and rename 刘佳朋4.21日任务.md to 刘佳朋4.21日任务/4.21
6d2d6551764bd8877ac0a72a518c49aef146c366,ljp678,4 months ago,Add files via upload
24158ab7bcc64fca0c932c4061b353d02b85fe8a,ljp678,4 months ago,Update README.md
8f42ce19a754011ba5298cb66ffba0e4e9401455,ljp678,4 months ago,Update and rename 用户发布找到的无主物品信息.drawio to 刘佳朋4.19日任务/用户发布找到的无主物品信息.drawio
6cf0c36b3f80856e154a4a3d6174a1ba67d38c36,ljp678,4 months ago,Update and rename 用户发布寻物启事.drawio to 刘佳朋4.19日任务/用户发布寻物启事.drawio
37eff56a28d06d69ef2ad404bc99f7ba82d73d30,ljp678,4 months ago,Create 1.txt
13e8258e211b0ad9916e2e24fdd6ae2a53df9690,ljp678,4 months ago,Update and rename 5.11.md to 刘佳朋5.11日任务.md
2c5bbe9bb119c1812302689b629fd77c8dc14865,ljp678,4 months ago,Add files via upload
4e7b21c1e54e108dc5a9855bcfc11eac8f4963c5,ljp678,4 months ago,Delete ui界面草图 directory
eda83e16b7a21384e98ae5ac9cd77c3d0badd937,ljp678,4 months ago,Add files via upload
f69f9f59718a25eea9b195b6fce7bfe477117908,ljp678,4 months ago,Create test
b716995723793d716311a049acea24d72e5ed123,ljp678,4 months ago,Delete ui设计草图
67af93f78883e5f64163f268acfbf113e7d1a37c,ljp678,4 months ago,Create ui设计草图
d7298e95ff5f39b662e0e5ac278345a4c99ecb62,ljp678,4 months ago,Add files via upload
c1d2ed6a5f8c412f195bccfb9dd9d2eda8824e8a,ljp678,4 months ago,Update README.md
a607076e79cd3d5ac2a8b0961d8edd5a13a3ee35,ljp678,4 months ago,Update README.md
f819a7e2ba366f7b5f142983ecc6623a3824aee6,ljp678,4 months ago,Add files via upload
3aaf566887a54464963a848616900c1b205d28cb,ljp678,5 months ago,Add files via upload
5859dc53e732507861063fe2c4f2cc51ad7273ec,ljp678,5 months ago,Create README.md
85ee4e5a4ad267ef92da5f54bb3e55028879ed5c,ljp678,5 months ago,Delete Requirements.md
b3ba24e7981baf5444ea8d60007b559e83e4ed5f,ljp678,5 months ago,Delete Templates directory
81ebc0777f5df4ad5529dfe1898990dedf8ba635,ljp678,5 months ago,Delete Resource directory
834036271d292975dcb2d1d6dd2f542bc20b6866,ljp678,5 months ago,Delete 项目日志.md