5d1019732710dfc13221b5741d1131c3f9aab22a,bambooshoot2,2 weeks ago,Add files via upload
a93510d4a17d4ea6378b0bb578e5e5770789806d,bambooshoot2,7 weeks ago,Add files via upload
b42a0e35cf666b1b9c6a5952913ce8dd143462ec,bambooshoot2,7 weeks ago,Delete 测试文档+改动说明/改动.md
2c5b39ac1df09770c7eeff6dae54ebbd8051339b,bambooshoot2,8 weeks ago,更新新版代码
764fc89bcf99196ccc7932669ef3160ec9ff0945,bambooshoot2,8 weeks ago,删除旧版代码
b8e60154cf744d44e7e437d805db54bf49dc561a,bambooshoot2,8 weeks ago,添加新版代码
bd4664c796c5ed4c8f7873986c3f05504653c5d5,bambooshoot2,8 weeks ago,删除旧版代码
f41733d2dbf9ca7c63d2c9497c8052e75a4aa7ef,bambooshoot2,8 weeks ago,增加使用的数据结构
d44e2c58265351e47b60eba665ee048afb15ceb3,bambooshoot2,8 weeks ago,提交后端代码 提交测试文档和改动说明
351a2900e68b78ff976b8480b05a4707b9e93344,bambooshoot2,8 weeks ago,删除后端代码旧版本
038c76918d31d770413912b1aa98b3a7c4bf389a,bambooshoot2,8 weeks ago,删除后端代码旧版本
594ed52584eefa9dc9e9b138213da603788a92e4,bambooshoot2,8 weeks ago,更新后端代码 DAL BLL SL APIL
a72964104bee0262ee419ca494ced9a804782334,bambooshoot2,8 weeks ago,后端代码提交 DAL BLL SL
2b1c1861dc6bf55d959ca65a8c0a3359f4954f9c,bambooshoot2,4 months ago,Add files via upload
d3c57ef8e28058c0c004f63a2b9b674a327242fc,bambooshoot2,4 months ago,Add files via upload
07d4c7032c9a0bf44856891fb21bdc95c2fc2ef5,bambooshoot2,4 months ago,Add files via upload
34caa94af4236b4cbc5b401f706711f2e4f5fb51,bambooshoot2,4 months ago,安全问题
5492b96be8b2c9ee0be5d3ad45c06a02555368c8,bambooshoot2,4 months ago,Add files via upload
30a897d5091eaa540966fc726a7f9b12b5479d8f,bambooshoot2,5 months ago,Add files via upload
167c58844f81591247adb7d48e153b3ffd4dd6a0,bambooshoot2,5 months ago,Delete 数据库课程设计提交 directory
75219e1eed532970461edd72b306ef4e625e49fc,bambooshoot2,5 months ago,Add files via upload
8806745142ea93ae6d362684fab7988d363b49c7,bambooshoot2,5 months ago,Delete Templates/BasicSQLOPs directory
7d68895f959c939136f69ddc7a16f39740654f7b,bambooshoot2,5 months ago,Delete Resource directory