d148ea63458b862e3f70bc3b4177bd5c0646eba9,bingbingbing0623,2 weeks ago,change type of itemid
84b8afc8d60b31defa95e9aae0278e0e958b56cc,bingbingbing0623,2 weeks ago,add itemmatch apilayer
8fb221ea5195c6b19c81eb006be854f58b85a0bf,bingbingbing0623,2 weeks ago,update returnitem and rebuild branch
4800761989f3e0b75575b62dae3d0a121c850cb0,bingbingbing0623,2 weeks ago,return item add
46e91cffe2c1fc79c0588dd7db7c8038381ed399,bingbingbing0623,5 weeks ago,增加更新审核状态方法
d25c24976ed015a385b844254a678a968084b7b2,bingbingbing0623,5 weeks ago,更新部分之前内容，上传初版用户个性化设计
c39682903f7b06d76926260854902ab35321530f,bingbingbing0623,6 weeks ago,物品归还流程后端初版
b7b941e4e54a7ad294a0cd5f7d255a3c34fdc074,bingbingbing0623,7 weeks ago,更新分支消息
22848a04aa83d74e3b60c4323a064f5c8089b826,bingbingbing0623,7 weeks ago,修改变量名，队列逻辑
8ce4f4285f38ae4b24d60d42073ceada6c601a7b,bingbingbing0623,8 weeks ago,发布失物招领，发布寻物启事，审核队列的后端实现初版
35bef58a8a33aae10b35135db4b88444a7d1b697,bingbingbing0623,4 months ago,Add files via upload
02b3be919f9731b65429cddc16f63fbe5da1a9f7,bingbingbing0623,4 months ago,512任务上传
bd5db050b703f40a75a8086dcae183e6859b567a,bingbingbing0623,4 months ago,512任务上传
cafa8c8d62df653034e77b5b9d86a3e860442459,bingbingbing0623,4 months ago,重构架构
6e626906f19a044c8c58e0cba18cfa1027f076dd,bingbingbing0623,5 months ago,Delete flow chart
3eab8555292e343f6261848e3c14043aed8935b9,bingbingbing0623,5 months ago,flow chart//first edition
1eafb1fd68e922b8ce0121b32f61767373b066b9,bingbingbing0623,5 months ago,Create flow chart