e0187c5c56181fd80a81ca00d5aecd2a7318a2ba,Augensternst,4 months ago,Update README.md
7210af022dd8286f22e414e25a4d30eb1a3a3852,Augensternst,4 months ago,Add files via upload
7a05619468d57480e00956129d3cab64f31c5a86,Augensternst,4 months ago,Update README.md
74e33f8598cf7d2dc6cfefccc20104fa88843c6e,Augensternst,4 months ago,Update README.md
2c1ebb2a3388672d68b7e72dd8d7082c89968d47,Augensternst,4 months ago,Add files via upload
ccb47e6c5d562304913fe40e191615fbc358fc58,Augensternst,4 months ago,Delete 网站维护部分表设计.md
b58a7d6c92b4673ac9459d5babcfe980528dbd33,Augensternst,4 months ago,Add files via upload
abe5192eaf9518494423ecae9fd0a4e1b59a861d,Augensternst,4 months ago,Update 网站维护部分第二次提交.md
221aa7abe5a20f7100bec015ea67396d9b296412,Augensternst,4 months ago,Update README.md
d64d45c2649a4363b422c774bfe3f271dc9c332f,Augensternst,4 months ago,Add files via upload
a7de04c319f76ff90fbfdc6370ce925953747193,Augensternst,5 months ago,Update README.md
390569b52820c916f9ea0296d669ef5b5a0c41a5,Augensternst,5 months ago,Update README.md
cb437e31b70cb0f79077b329d063742afa385fbf,Augensternst,5 months ago,Update README.md
161b73a6c0e9cd1c728e848338312ffc6a320eb3,Augensternst,5 months ago,Create README.md
393c9bfb87a2e7aa0a3a571944df9a222d3f8a63,Augensternst,5 months ago,Add files via upload
3a62b20f1727f7eac2e359721b50b8593266bf59,Augensternst,5 months ago,Delete 项目日志.md
b2238dc03af1b2e9c9a839fd85db526c6b0456a4,Augensternst,5 months ago,Delete Requirements.md
a8948f2efef26dc1503e361f74bb9907f0c8223c,Augensternst,5 months ago,Delete Templates/BasicSQLOPs directory
4b3c65c5e345ef04b6a76be77d62244053acc142,Augensternst,5 months ago,Delete Resource directory